{"cameraMode":{"drawMode":0,"name":"Shaded","section":"Shading Mode"},"sceneLighting":true,"audioPlay":false,"sceneViewState":{"showFog":true,"showMaterialUpdate":false,"showSkybox":true,"showFlares":true,"showImageEffects":true,"showParticleSystems":true},"in2DMode":false,"pivot":{"x":6.38095760345459,"y":8.024057388305664,"z":-0.7919902801513672},"rotation":{"x":-0.17430062592029572,"y":-0.15089502930641175,"z":0.02703971602022648,"w":-0.9726986289024353},"size":25.82646369934082,"orthographic":false}