{"count":1,"self":223.0422528,"total":623.9678233,"children":{"AgentSendState":{"count":277767,"self":13.6260224,"total":46.9698555,"children":{"CollectObservations":{"count":444432,"self":3.3750096,"total":3.3750096,"children":null},"CollectDiscreteActionMasks":{"count":444432,"self":1.9897356,"total":1.9897356,"children":null},"AgentInfo.ToProto":{"count":444432,"self":5.201794,"total":27.9790873,"children":{"GenerateSensorData":{"count":444432,"self":7.7954352,"total":22.777293399999998,"children":{"RayPerceptionSensor.Perceive":{"count":444432,"self":14.9818576,"total":14.9818579,"children":null}}}}}}},"DecideAction":{"count":277767,"self":346.6208256,"total":346.6208205,"children":null},"AgentAct":{"count":277767,"self":7.2519295999999995,"total":7.2589340999999994,"children":{"AgentInfo.ToProto":{"count":92,"self":0.0019942,"total":0.0070043,"children":{"GenerateSensorData":{"count":92,"self":0.0029917999999999998,"total":0.0050101,"children":{"RayPerceptionSensor.Perceive":{"count":92,"self":0.0020182999999999998,"total":0.0020182999999999998,"children":null}}}}}}},"AgentInfo.ToProto":{"count":971,"self":0.0199598,"total":0.0749657,"children":{"GenerateSensorData":{"count":971,"self":0.013879299999999999,"total":0.055005899999999996,"children":{"RayPerceptionSensor.Perceive":{"count":971,"self":0.0411266,"total":0.0411266,"children":null}}}}}},"gauges":{"Penguin.CumulativeReward":{"count":1063,"max":7.81967163,"min":-0.99994123,"runningAverage":7.09965324,"value":4.00086069,"weightedAverage":6.77796173}},"metadata":{"timer_format_version":"0.1.0","start_time_seconds":"1611697666","unity_version":"2019.3.7f1","command_line_arguments":"C:\\Program Files\\Unity\\Hub\\Editor\\2019.3.7f1\\Editor\\Unity.exe -projectpath C:\/Users\/gauth\/Desktop\/Penguins-tutorial-base\/penguins_tutorial_base -useHub -hubIPC -cloudEnvironment production -hubSessionId 5918a340-5a81-11eb-a02c-693117ca6a66","communication_protocol_version":"1.0.0","com.unity.ml-agents_version":"1.0.6","scene_name":"ML_Penguins","end_time_seconds":"1611698290"}}